,r2_score,mean_squared_error
0,0.7351273972225443,147703240.8996877
