,r2_score,mean_squared_error
0,0.739714182473749,142402387.7243664
